first, last, age, gender, birthday, email, question, color
Johnny,Brock,59,Male,4/5/1989,at@semdembo.gd,N,blue
Helena,Hodges,24,Male,1/31/1991,for@ohuwokrez.kh,N,pink
Ophelia,Mason,29,,4/25/1980,awiotoolu@erore.lv,Y,red
Theodore,Tate,62,Male,10/13/1970,ojetovis@aw.gm,Y,green
Stella,Gordon,18,Male,11/29/2001,hubom@ki.td,Y,pink
Janie,Parks,43,Female,7/6/1963,sovilgo@ora.ee,N,red
Jason,Simmons,23,Female,11/30/1977,jocle@na.si,N,blue
Janie,Carson,58,Male,,hodeka@wozeadi.gp,Y,blue
Alexander,Thomas,52,Female,8/11/1965,pidiboz@wobsup.fk,Y,green
Peter,Price,32,Male,4/17/2003,,Y,red
Floyd,Dawson,25,Male,6/21/1977,eka@fochuta.sn,N,red
William,Dixon,19,Male,2/8/2000,kiiku@dukewer.fr,N,blue
Shawn,Harvey,35,Male,10/27/1995,ko@cewe.kh,N,pink
Rosa,Lee,31,Female,11/16/1981,kigpuz@mec.cy,Y,green
Agnes,Oliver,44,Female,8/7/1968,wacnih@kac.kp,N,red
Elizabeth,Lee,42,Female,9/19/1979,nuftih@jizuhit.hr,N,pink
Ella,Colon,20,Female,9/11/1994,zaz@ornu.bz,Y,red
Wayne,Manning,27,Female,4/15/1966,gilo@le.nl,Y,red
Nancy,Patrick,40,Male,12/11/1979,anu@av.gov,Y,pink
Lelia,Casey,39,Female,7/14/1995,ihazic@sa.eg,N,red
Vernon,Brewer,29,Male,1/8/1960,lasovug@zaripag.cn,Y,red
Dollie,Rhodes,23,Female,8/12/1994,bagiebi@iv.gw,N,red
Marguerite,Greene,46,Female,9/4/1980,itcuhjor@behol.pg,N,blue
Frances,Casey,18,Female,11/1/1996,ga@fir.rw,Y,red
Kyle,Phelps,35,Male,1/7/1976,awuuslas@apuri.gt,N,red
Ernest,Walton,37,Female,9/29/1984,wer@nuzwim.la,Y,red
Allen,Norton,26,Male,8/3/1970,wec@kur.bd,Y,red
Louis,Arnold,26,Male,11/14/1989,icofe@la.np,N,pink
Seth,Padilla,43,Female,6/25/1983,bijaw@ebe.sx,N,pink
Jorge,Mendez,62,Female,1/20/1967,zow@moceocu.py,N,blue
Benjamin,Klein,49,Female,3/26/1997,abe@ocikotew.lv,Y,red
Christine,Page,37,Female,7/15/2002,ugdu@kuruk.th,Y,green
Jonathan,Garza,42,Male,9/2/1980,magazla@kiochul.yt,N,red
Katie,Sandoval,22,Male,3/25/2000,imnobos@hasi.ne,N,pink
Susie,Simon,37,Female,12/5/2004,tibahiuk@upvih.fr,N,blue
Cecilia,Hanson,44,Male,8/15/1976,rov@ozi.je,N,pink
Blake,Guzman,45,Male,9/22/1980,cezunu@va.ve,N,green
Mayme,Fox,36,Male,9/5/1958,bi@colicaf.lu,Y,pink
Bernice,Gill,64,Male,4/27/1985,biusadi@ag.gn,Y,green
Thomas,Nichols,19,Male,8/18/1974,ewimev@tar.gl,N,red
Loretta,Bryant,21,Female,7/16/2003,nerumi@eru.af,Y,green
Elva,Jimenez,28,Female,5/22/1961,ozu@hiaje.gt,Y,green
Beulah,Kelley,56,Female,10/3/2000,emjizat@dimos.us,N,green
George,Day,25,Female,1/25/1991,epmaw@toese.ly,Y,pink
Fanny,Fitzgerald,26,Female,11/18/1962,oto@wudwozvam.mh,Y,pink
Amy,Lopez,23,Male,2/25/1993,wafeb@pe.gy,N,green
Christian,Griffith,45,Male,5/3/1970,imi@ejujadaj.km,N,pink
Lester,Woods,60,Male,2/2/1969,ni@fug.bv,N,red
Alex,Francis,51,Male,1/8/1968,otu@hi.gg,Y,pink
Hulda,Wright,54,Male,3/12/1968,zihaczil@zijacuudu.pe,N,pink
Olivia,Cummings,55,Male,6/7/1964,zag@degjofmuf.sb,N,blue
Loretta,Little,65,Female,8/28/1984,uwdu@roppikcun.ie,N,green
Ian,Griffin,52,Female,5/8/1990,gevzi@esliev.md,Y,blue
Janie,Steele,64,Male,5/4/1979,cogkeida@egnikaf.sv,Y,red
Ronald,Armstrong,51,Male,6/13/2004,uzo@aze.ae,Y,pink
Ryan,Alexander,28,Male,5/29/1970,vin@hoj.ck,Y,red
Walter,Davis,39,Male,7/27/1998,mokiha@dun.ni,N,pink
Ruby,West,55,Female,8/5/1971,mipilo@upuco.ec,Y,pink
Cordelia,Hernandez,38,Male,6/14/2003,fuv@odwiabo.hn,N,blue
Curtis,Mills,58,Male,4/23/1959,ruh@itaoz.sn,N,green
Carlos,Craig,36,Female,12/28/1986,zote@sah.edu,Y,pink
Clifford,Mullins,23,Male,2/25/1992,vur@hoce.bd,N,red
Evan,Ramsey,53,Female,5/2/1965,lejac@sojah.dj,N,red
Sophie,Love,18,Female,1/11/1987,tararra@go.is,Y,green
Jean,Adkins,21,Female,2/19/1957,resoiho@fuptetar.ne,Y,blue
Ronald,Jimenez,19,Female,12/2/1961,gevcida@pa.hu,Y,red
Jonathan,Wilkerson,29,Female,4/24/1971,la@ka.my,N,green
Stephen,Padilla,20,Male,9/6/2004,puzosun@ta.mx,N,red
Scott,Sutton,24,Female,8/18/1984,vumalwig@oviejeup.jp,N,red
Virgie,Gordon,27,Female,5/30/1970,eso@fiep.bs,N,green
Augusta,Brock,26,Female,1/19/1958,enicot@midih.ca,N,pink
Jacob,Nunez,33,Male,5/22/2002,afidin@wibieb.nu,Y,green
Rosa,Gibbs,58,Male,4/20/1993,tarjerram@pumjej.ai,N,green
Henry,Schmidt,51,Female,8/1/1984,uffiki@wor.mx,Y,pink
Callie,Cobb,55,Female,6/3/1993,woovgur@im.hn,Y,blue
Lizzie,Pearson,36,Male,8/18/1966,gu@do.kp,N,red
Eleanor,Walters,20,Female,9/8/1967,eka@safeez.ua,N,pink
Gussie,Payne,64,Male,4/14/1997,vosuf@ma.gy,N,blue
Zachary,Greer,43,Female,10/6/1978,odpohlop@igiegi.al,N,blue
Rhoda,Leonard,48,Female,4/17/1976,hobdokfuk@vizovap.nr,Y,green
Nora,Dennis,60,Male,10/29/1974,kus@desibo.nc,Y,green
Shawn,Harrison,50,Female,8/21/2000,fepiji@fol.aq,N,pink
Logan,Simmons,35,Male,2/25/1994,kigu@ivuvu.gw,N,green
Blake,Barton,40,Male,3/19/1959,mi@zuvnot.il,N,pink
Virgie,Coleman,42,Female,12/29/1961,abehad@jac.sd,N,blue
Willie,Bowen,35,Female,4/2/1978,lug@vinew.pm,N,pink
Ophelia,Thompson,61,Male,8/7/1971,ziezlo@mu.mo,Y,blue
Mina,Hansen,60,Male,12/15/1967,puf@balce.nu,Y,red
Genevieve,Wallace,36,Male,7/3/1967,vacfotgul@ad.tg,Y,green
Mina,Jenkins,23,Male,6/6/1992,ved@icfupa.no,N,red
Luke,Pratt,43,Female,12/21/1994,peip@putoic.hr,Y,blue
Jeremiah,Perkins,44,Female,10/5/1958,vamgikriv@ezholfu.sh,Y,blue
Clyde,Lane,61,Male,9/9/1959,deh@duf.gy,Y,red
Jay,Myers,39,Male,12/6/1995,mivdor@tuku.sd,Y,pink
Tyler,Grant,29,Male,8/15/1986,vir@apfaci.fk,N,pink
Warren,Delgado,47,Female,4/29/1997,mobkagi@nem.vi,N,red
Pauline,McKenzie,40,Female,2/16/1971,ohko@uji.za,N,blue
Susie,Carson,42,Male,1/15/1974,makusin@ecigibor.tj,Y,blue
Estella,Hale,35,Female,8/20/1986,loca@jolcadad.as,Y,blue
Barry,Snyder,24,Male,10/10/1974,pauve@gobelse.sy,Y,green
Nellie,Ortega,65,Female,4/30/1969,nimuel@opuik.tj,N,red
Gabriel,Keller,19,Male,8/24/1959,fat@eruhahfu.by,N,pink
Callie,Briggs,32,Female,5/21/2004,jaico@divjiv.is,Y,blue
Henrietta,Martinez,30,Female,1/27/1957,towpe@usimegol.ls,N,green
Peter,Hampton,22,Female,10/1/1976,gaze@hivwoh.ni,Y,green
Della,Campbell,26,Male,1/7/1974,eb@dulej.gq,Y,blue
Eric,Cruz,50,Male,11/30/1989,den@ani.se,Y,blue
Emma,Olson,31,Female,4/6/2001,upoh@pezi.is,N,green
Louise,Mills,19,Female,8/28/1973,har@dik.gm,N,green
Darrell,Craig,23,Female,3/27/1975,ra@oc.ke,Y,pink
Maria,Wells,62,Male,1/22/1961,fupit@beka.lc,N,blue
Louis,Gordon,40,Female,2/20/2002,go@kob.ec,Y,pink
Estella,Perry,52,Male,1/12/1964,pud@emuza.nl,N,blue
Mario,Valdez,44,Female,9/18/1980,jul@ehubo.sk,Y,red
Brandon,Patterson,40,Female,8/28/1979,ezarawsid@ko.mv,N,green
Andre,Freeman,56,Male,4/5/1980,inoucivo@fik.es,Y,red
Raymond,Reeves,53,Male,8/10/1986,nit@bucvoruc.net,Y,red
Bessie,Andrews,57,Female,6/28/1988,bokpa@kopwo.uk,N,red
Eugenia,Huff,50,Female,9/9/1982,vovrib@rizfaz.tn,N,blue
Norman,Townsend,41,Male,12/2/1996,woseb@micuv.tl,N,pink
Ellen,Carroll,57,Male,10/7/1997,fadiz@upi.yt,N,green
Ray,Wagner,41,Male,1/14/1960,sogdes@bev.su,N,pink
Myrtie,Frazier,25,Male,6/14/1960,se@ve.pf,N,red
Don,Ray,24,Male,11/15/1972,zoje@gacpugdis.bi,N,pink
Agnes,Allen,50,Male,10/26/2001,gisuda@fudri.in,Y,green
Cornelia,Conner,54,Male,1/8/1988,mudopav@kam.lr,N,pink
Fannie,Jennings,52,Female,1/11/1986,zowwetuh@kibu.ru,N,green
Jeanette,Warren,47,Male,4/24/1991,soh@nameur.pr,Y,pink
Jeff,Huff,51,Female,9/15/1964,hodhalmiv@ude.an,Y,blue
Virginia,Park,23,Male,8/2/1989,lesgesom@fonpi.tm,Y,green
Luella,Steele,33,Male,7/22/1963,cav@mamok.ne,N,pink
Rosa,Bowen,40,Male,3/13/2000,gadbucwo@hu.mz,Y,red
Martha,Horton,53,Male,4/16/2002,dacwoto@detnapka.cm,N,blue
Ophelia,Walton,21,Female,3/10/1957,vebam@bup.bw,N,green
Jim,Sherman,57,Female,1/17/1960,dihetbil@da.gr,Y,green
Landon,Miles,51,Male,2/5/1972,ta@gecuj.mu,N,blue
Genevieve,Ruiz,38,Female,12/2/1995,fac@ojehev.ax,Y,pink
Bryan,Tyler,49,Male,2/24/1981,we@fabrefa.pw,Y,blue
Susan,Pope,55,Male,6/19/2002,vezpep@tece.cg,N,blue
Ricardo,McCarthy,56,Female,5/31/1971,kobfajcuj@pim.th,N,green
Luella,Yates,21,Female,7/29/1975,zici@ecutu.pe,N,pink
Ray,Pope,42,Male,8/12/1960,kipga@nake.ua,N,pink
Devin,Griffin,53,Female,11/26/1981,berifad@dodjado.sv,Y,pink
Lester,Alvarez,26,Female,3/20/1989,re@sinow.lv,Y,red
Lola,Lamb,47,Male,1/7/1965,hu@ubaag.ke,N,pink
Millie,Bridges,24,Female,6/26/1970,gub@pudbab.cd,N,blue
Lewis,Wagner,22,Male,5/21/1974,ifi@jacgomgoc.md,N,red
Francisco,Walters,56,Male,9/12/1997,ro@ivaijo.sb,Y,red
Edwin,Williams,31,Male,7/14/1982,oni@kispa.gq,Y,red
Richard,Cortez,47,Male,1/16/1964,agelaca@ola.ms,Y,green
Sara,Poole,60,Male,4/30/1973,tel@sucemzew.uz,N,green
Victoria,Carlson,51,Female,2/20/1985,ros@jirmelcop.gd,N,green
Jean,Pope,59,Male,1/4/1966,sokrobape@abaka.ms,N,pink
Olivia,Allison,52,Female,11/20/1970,cutog@ul.dz,N,red
Jerry,Parker,49,Male,1/1/1979,sujizfom@mah.dz,N,pink
Sally,Pearson,43,Male,11/1/1966,ze@balba.ki,N,green
Minnie,Adams,46,Female,10/24/1975,do@pefod.io,Y,blue
Gordon,Powell,62,Female,6/2/1973,pu@zorifu.mu,Y,blue
Billy,Watson,62,Male,7/8/2002,ogekam@molizi.bd,N,red
Jeremiah,Mann,45,Female,8/23/2002,ma@cep.ng,N,red
Trevor,Gilbert,56,Female,11/17/1958,wamudgu@rane.pa,N,pink
Rodney,Graham,41,Male,1/14/1959,fenla@wa.ls,Y,red
Larry,Cooper,56,Male,5/20/1988,luhug@wumemmu.cu,N,blue
Craig,McCormick,27,Male,7/16/1999,deglel@ekza.sy,N,green
Minerva,Ruiz,37,Female,5/30/2004,pemoz@cabsu.uk,N,red
Hattie,Schultz,23,Female,5/9/1962,pot@li.sz,N,green
Glenn,Carpenter,60,Male,12/2/1971,oluosakaz@cetzim.mq,Y,blue
Walter,Haynes,26,Female,6/19/1983,wi@gig.vi,Y,green
Isabel,Boone,49,Female,5/17/1965,wigevmu@eckupjoh.kg,N,red
Michael,Butler,41,Male,4/29/1967,re@gohuzma.ga,Y,green
Floyd,Douglas,45,Female,9/25/1986,hegjat@vunda.tv,N,pink
Rachel,Greene,61,Female,8/27/1964,daelko@zuhacak.ki,N,green
Philip,Bryant,20,Female,3/4/1998,baditil@hi.gq,N,pink
Jackson,Luna,32,Male,6/3/1967,ri@bov.gp,N,red
Annie,Doyle,36,Female,7/24/2002,ubonaw@gepawwig.lc,Y,pink
Georgie,Mendez,53,Female,9/17/1975,ca@ti.lk,Y,pink
Duane,Gonzales,57,Female,11/3/1986,vi@hu.az,N,green
Beatrice,Peters,18,Female,8/16/1971,gicpuwwog@fi.nf,N,red
Bobby,Blake,42,Male,4/21/1997,la@epoaco.it,N,blue
Aaron,Murphy,40,Male,6/20/1973,cizefih@ahmiz.uy,N,blue
Ollie,Jones,57,Male,1/2/1959,doezuhej@gezce.sx,Y,red
Mamie,Snyder,64,Female,9/20/1981,du@uwosiob.fk,N,blue
Iva,Osborne,40,Male,1/29/1990,muez@soozpa.vi,Y,pink
Keith,Walters,59,Male,12/18/2002,mehewo@bigo.pw,Y,blue
Franklin,Drake,46,Male,2/6/1997,li@gewap.qa,Y,red
Georgia,Gardner,33,Male,11/8/1961,apupedtan@deizi.kg,N,red
Harvey,Gross,31,Female,10/6/1982,li@mulfit.ru,N,red
Hettie,Garza,44,Female,8/23/2002,wulib@ih.cf,N,red
Ian,Brown,42,Male,10/14/1977,bazkazo@dob.ro,Y,red
Donald,Hodges,58,Female,4/3/1957,mow@wef.gh,N,blue
Aiden,Howell,24,Male,10/18/1960,eh@consicbo.tw,Y,blue
Garrett,Wood,29,Male,12/15/1995,at@hidjuv.np,N,blue
Shawn,Ellis,64,Male,7/12/2000,gonovcot@jogifpur.sc,Y,green
Agnes,Pierce,64,Male,7/11/1992,sa@ahlul.tz,Y,blue
Seth,Pope,38,Female,3/5/1988,efewe@ruc.eu,N,green
Curtis,Douglas,37,Male,9/5/2002,daciz@tujo.sj,N,green
Olivia,Schultz,37,Male,7/20/1979,litmaski@laipa.ps,Y,blue
Jeremiah,Santos,20,Male,8/25/1968,vibpe@wa.ne,N,green
Katharine,Lyons,65,Female,4/4/1976,banew@ulutoela.ml,N,green
Willie,Barker,32,Female,10/4/2001,jioregu@veplu.cm,Y,pink
Elmer,Burns,59,Male,9/8/1968,guvcege@jup.fo,N,red
Augusta,Norman,34,Male,9/11/1974,ukvout@cel.ni,Y,blue
John,Bishop,22,Female,7/23/1987,puvgif@fajob.edu,N,green
Tillie,Jensen,24,Male,5/12/1986,pazte@horom.am,N,pink
Inez,King,60,Female,11/25/1996,itceflo@fevu.lu,Y,blue
Theresa,Martinez,34,Female,3/3/1991,feb@coz.cx,N,blue
Keith,Peterson,23,Female,8/31/1975,dav@kazbikgu.gh,N,pink
Cecelia,Lowe,24,Female,4/2/1973,vi@pet.sz,N,blue
Willie,Mendoza,19,Female,10/7/1996,vepwo@sazah.bh,Y,red
Lottie,Ferguson,53,Male,6/12/1982,coz@ke.aw,Y,pink
Cole,Barnes,54,Female,4/3/1989,ofobuh@kiejiovi.lb,Y,blue
Isabelle,Singleton,48,Female,5/8/1990,bile@co.nl,Y,green
Louis,Nelson,33,Male,5/5/1966,no@uzo.it,N,blue
Georgie,Johnston,51,Female,4/12/1985,fusgaof@zokwe.es,N,red
Steve,Lambert,37,Female,10/14/1979,ezateke@takcusu.gov,N,blue
Mamie,Chavez,22,Female,9/17/1966,iw@mejuwidih.az,N,blue
Manuel,Allison,65,Female,4/9/1961,wanguj@bel.lb,N,green
Rena,Marsh,21,Female,10/13/1982,inapenke@hestu.pm,Y,green
Brett,Henderson,40,Female,10/6/1994,wal@kiwacdow.tv,Y,pink
Louise,Lane,52,Female,8/28/1974,mo@banah.es,N,blue
Patrick,Alvarez,28,Male,5/30/2004,dojeva@tiaf.ng,N,blue
Christian,Harmon,40,Female,1/22/1994,ubeedu@ujukal.st,Y,green
Michael,Sherman,29,Female,3/9/1959,la@niarowar.in,Y,blue
Eula,Clarke,38,Female,8/12/2003,apenoj@wuftiriwe.tt,Y,pink
Benjamin,Holmes,32,Female,2/12/1982,ev@bemed.si,Y,green
Mike,Hayes,41,Male,3/27/1997,cegitu@lok.bm,Y,green
Cecilia,Fleming,50,Male,4/28/1958,gawi@wirru.gm,N,green
Patrick,McKenzie,32,Female,4/25/1997,sasfocut@api.mn,Y,blue
Phillip,Schwartz,20,Male,3/5/1974,usa@ef.ls,N,blue
Jon,Harris,61,Female,10/3/1985,otahe@ca.pa,Y,red
Lester,Duncan,39,Male,4/3/1972,ruwvimke@mot.bm,N,blue
Blake,Clarke,65,Male,6/1/1989,diana@ulicap.ac,Y,blue
Louis,Hodges,21,Female,7/26/2003,girseg@wehbejef.az,Y,blue
Chad,Haynes,32,Female,9/16/1965,kohiwmos@en.nu,Y,blue
Etta,Jenkins,21,Male,11/27/1983,kacfuklom@jamros.cm,N,green
Cora,Sparks,18,Female,4/2/1992,lu@jud.vu,Y,blue
Nelle,Bell,39,Female,1/4/1966,befipci@walzaje.tc,N,red
Sara,Castillo,63,Female,8/30/1978,pokhiz@omsisle.sn,Y,blue
Amelia,May,18,Male,2/10/2003,gilco@ko.na,N,blue
Ernest,Vega,41,Female,3/17/1974,ke@pa.cd,N,red
Irene,Hall,53,Female,4/23/2000,urce@wi.lk,N,red
Cora,Byrd,53,Female,1/12/1972,za@jebsip.su,N,green
Adrian,Douglas,33,Male,9/22/1997,hapij@tojo.je,Y,red
Kathryn,Parks,20,Male,2/9/1989,jedgi@dupu.za,Y,green
Ella,Thornton,55,Female,10/31/1960,erliupo@erha.fi,N,pink
Ophelia,Soto,53,Male,9/24/1965,ere@ri.bo,N,red
Tillie,Walker,60,Male,8/23/2000,sutvim@rizair.ge,N,pink
Todd,Figueroa,63,Male,2/17/1983,kab@tosuksel.ml,N,blue
Rena,Bowen,30,Female,11/7/1994,co@wedtas.lb,N,red
Edna,Webster,55,Male,9/1/1970,zuv@gate.sy,Y,pink
Darrell,McGee,50,Female,11/12/1994,mudheimi@wabbawi.bq,N,pink
Mable,McKinney,38,Male,4/3/1960,leed@vuw.pg,N,green
Jessie,Baker,49,Female,10/20/1970,tu@comal.np,N,pink
Milton,Mason,61,Female,9/12/1996,anihunit@huob.sr,N,red
Mamie,Hayes,34,Female,5/7/1983,ha@owajom.ai,Y,green
Ralph,Ortiz,64,Male,2/12/1975,hewadu@dihesuf.kg,N,red
Erik,Kim,39,Male,2/28/1983,ufcidap@botup.np,Y,pink
Francisco,Kelley,40,Male,10/7/1974,kawikose@pifwa.sx,N,blue
Jim,Reid,62,Female,3/2/1968,eripace@zufkij.hu,N,blue
Glen,Weaver,24,Male,10/4/1986,vetuh@zuigawe.fr,N,blue
Edith,Mullins,27,Male,3/3/1984,pe@nu.as,Y,blue
Leona,Barnes,41,Female,12/19/1966,moramrid@biloz.bb,Y,blue
Estella,Neal,52,Female,5/29/1998,livospud@ni.ht,N,green
Lizzie,Lowe,35,Female,10/19/1963,kecetpos@eno.az,N,green
Jorge,Welch,22,Male,6/17/1972,boilpum@li.cv,N,blue
Delia,Drake,28,Male,11/14/2002,ti@sus.tk,Y,red
Rhoda,Pittman,29,Female,12/30/1962,mowtomzu@garihma.fi,Y,blue
Elsie,Lewis,19,Male,11/28/1980,noza@hejro.lb,N,blue
Abbie,Ramos,38,Male,11/12/1984,fezuspo@ninzipok.mr,N,green
Ralph,Ruiz,41,Female,1/6/1969,sitiwa@jefzuhilu.cd,Y,blue
Flora,Morris,36,Male,6/27/1981,ni@cothedwi.bf,N,green
Christopher,Watts,36,Female,9/24/1963,mi@nik.es,N,green
Steve,Patterson,45,Male,3/13/1999,papapme@apavaham.az,Y,pink
Chad,Rhodes,27,Female,10/27/1973,rig@vakwiwok.af,Y,blue
Jackson,Gibson,56,Female,5/25/1998,wiljah@ojujawana.ir,N,red
Tommy,Patterson,55,Female,9/7/2000,pag@siubfig.uz,N,red
Clara,Malone,42,Female,7/4/1988,pumizti@onuevuog.cg,N,blue
Isabel,Conner,28,Male,6/12/1971,he@wefji.ni,N,pink
Lulu,Armstrong,58,Male,1/2/1975,defasit@zehavzar.tw,N,pink
George,Barnes,58,Female,7/4/2004,timfen@ofvu.om,N,green
Tillie,Hogan,49,Male,9/12/1974,bolet@muife.iq,N,red
Herman,Cross,31,Female,3/9/1968,iclip@wucjiklug.tl,Y,blue
Helena,Morris,49,Male,11/8/1999,jawhuva@juihatek.kn,N,blue
Harriet,Dennis,35,Female,1/4/1966,zi@noweg.th,N,blue
Florence,Price,27,Female,12/8/1984,jijiscu@gajozzi.bh,Y,pink
Lou,Brady,62,Female,12/16/1992,kaffeha@juhakiw.sm,N,red
Joshua,Carson,44,Male,8/23/1965,vojfatzi@iveufe.rs,N,red
Olga,Padilla,35,Female,4/2/2000,li@fasotoc.cr,Y,green
Ola,Evans,41,Female,11/13/1973,ehciri@pelopo.bj,N,green
Jack,Osborne,26,Male,4/2/1961,pilez@mekgedzo.mn,N,pink
Jerome,Simon,40,Female,2/7/1988,piunha@tibseb.gq,N,blue
Antonio,Atkins,27,Male,12/23/2003,vuzufa@zodu.wf,N,red
Robert,Little,45,Female,3/10/1979,pize@ju.org,Y,green
Harry,Fuller,36,Male,1/18/1981,jierulu@ro.dk,N,red
Lena,Jensen,52,Female,1/30/1998,ije@ragjawa.jp,N,green
Katherine,Blair,60,Male,12/1/1963,fegojo@wuaf.hm,N,pink
Charlotte,Jones,39,Male,3/21/1989,edbare@okuta.ki,N,green
Jeff,Graham,53,Female,4/19/1961,tezbocgem@komizsos.dk,N,red
Leila,Barrett,38,Female,2/15/1989,akaco@ge.ru,N,green
Joel,Douglas,40,Female,6/4/1978,nepik@ave.sm,N,blue
Mike,Fox,35,Male,10/8/1959,ta@maot.rw,Y,pink
Millie,Sandoval,34,Female,1/1/1975,tuwajhe@ranivdur.gn,N,blue
Marion,Bates,29,Female,5/23/1995,lo@polcot.ee,N,pink
Juan,Manning,63,Female,4/23/1967,og@giob.gp,Y,blue
Marian,Perez,33,Male,2/3/1977,jowamim@kospa.ec,N,red
Derrick,Adams,53,Female,2/1/1968,zumzelsij@hodoja.kn,Y,red
Mario,Morris,42,Female,8/21/1977,eb@fizekwu.bb,N,blue
Fred,Higgins,26,Male,5/3/2004,tezfiw@wur.so,Y,green
Myrtie,Santos,37,Male,7/17/1994,jetotroh@anujifid.ug,N,pink
Randall,Cox,42,Female,11/19/1985,nomewlek@tak.sz,N,green
Jeremiah,Barber,31,Female,4/21/1962,tak@oludi.tf,Y,red
Eric,Garrett,62,Male,10/15/1981,mo@nukur.la,N,pink
Callie,Barker,36,Female,11/1/1972,gazaku@cifu.jp,Y,green
Dorothy,Saunders,30,Female,9/24/1985,avuje@ov.np,Y,pink
Lilly,McCoy,52,Female,3/6/1981,mook@abofogi.nu,N,green
Lela,Maxwell,28,Male,10/17/1970,tav@isi.hr,Y,blue
Lou,Graves,33,Male,8/10/1969,tuwawu@naf.kh,Y,pink
Hattie,Frank,32,Female,2/5/1969,parih@ka.py,Y,red
Victor,Stewart,63,Male,7/5/1998,re@hiv.er,Y,blue
Birdie,Houston,52,Male,10/4/1972,ede@pak.to,N,green
Sophie,Nunez,48,Male,8/21/1964,loldez@rebkevgaf.pl,N,blue
Lulu,Webb,58,Male,3/31/2003,moz@esup.ag,Y,green
Harriet,Sharp,57,Male,8/22/1991,gakkucu@afoeduz.pk,Y,pink
Johanna,Butler,24,Female,1/3/1968,fon@kopdapnap.bz,Y,green
Dora,Williams,54,Female,4/8/1992,vujsa@kaugeco.do,Y,green
Cordelia,Daniels,21,Female,2/11/1975,oko@janumze.kw,Y,pink
Russell,Mills,56,Female,1/18/1976,kijdu@dagib.mt,Y,pink
Danny,Evans,26,Female,6/25/1994,citjujew@ezafublu.ge,Y,blue
Frances,Valdez,31,Male,11/10/1980,wardeh@oduos.no,N,red
Tommy,Stevens,53,Female,7/7/1980,tisohfi@raahmo.sb,N,pink
Harriett,Fowler,34,Male,9/11/1994,faweh@hofadtoh.sm,Y,blue
Phoebe,Baker,27,Male,8/7/2003,id@sic.ws,Y,red
Milton,Brewer,42,Female,7/22/1959,bovislu@go.va,Y,pink
Jonathan,May,23,Female,10/28/1995,couka@biot.cw,N,green
Sue,Berry,27,Male,2/20/1969,jofsupcot@dohtoot.hr,N,green
Cora,Turner,55,Female,3/20/2000,pubvubtac@fuhug.ai,Y,red
Jack,Rose,61,Female,1/24/1985,er@unumi.hm,N,green
Bobby,Ward,28,Female,5/20/1989,neve@kuc.vg,N,pink
Delia,Roberts,49,Male,3/26/1966,bi@lec.lu,N,pink
Carlos,Nelson,62,Male,10/27/1981,wemuus@gefak.gd,N,green
Lola,Baldwin,42,Male,11/4/1981,ovaruna@zenuj.bw,N,red
Erik,Montgomery,48,Male,7/18/1985,tojen@do.cl,Y,green
Tyler,Ward,19,Male,8/16/1960,roj@fez.za,Y,red
Dorothy,Marsh,58,Male,12/13/1998,gidle@nukzonag.me,Y,red
Nannie,Goodwin,44,Female,8/5/1988,devgiste@ritur.cf,Y,red
Timothy,James,53,Female,6/21/1964,sic@robsumfe.ug,N,green
Mabel,Conner,40,Female,4/26/1958,zopba@ima.cc,N,green
Leila,Cohen,65,Male,8/4/1977,ako@dom.sj,N,pink
Alvin,Curtis,24,Male,10/10/1974,avnut@mocrirag.ng,N,green
Sue,Romero,37,Female,7/2/1990,rifez@love.cz,Y,pink
Lilly,Wade,43,Female,1/18/1957,alofuto@av.mt,Y,green
Cody,Freeman,30,Male,8/21/1994,lec@pizjedcal.eg,Y,green
Elizabeth,Myers,45,Male,10/6/1981,oge@be.md,Y,green
Calvin,Simon,62,Female,6/7/1968,ficap@olpo.us,N,blue
Mittie,West,27,Male,4/14/1975,biw@tahte.mm,N,pink
Phoebe,Schneider,22,Male,8/18/1972,ilemapa@wuvipak.bi,N,pink
Blake,Chapman,59,Male,3/31/1971,uno@behlesub.eg,Y,green
Inez,McCormick,24,Female,4/10/1987,bazu@codoguaz.gd,N,green
Rosa,Stokes,41,Male,2/13/1976,ehu@oswa.ac,N,blue
Mitchell,Houston,21,Male,9/7/1963,ugtikgiz@ofubgov.ao,N,pink
Mike,Higgins,48,Male,8/5/1963,duszotdi@hicaw.hk,Y,green
Antonio,Parsons,62,Male,4/17/1963,hulni@er.jo,N,red
Lilly,Rivera,39,Female,4/8/1968,afnetud@af.gs,Y,green
Jeffrey,Douglas,21,Female,8/10/1984,fogcus@su.je,N,red
Isabel,Washington,49,Male,6/15/1959,taezros@no.km,Y,blue
Andrew,Hines,60,Male,11/6/1975,buwub@bafu.bo,N,pink
Maria,Byrd,49,Male,9/29/1995,ivapo@dafejgob.zw,Y,red
Philip,Mathis,28,Female,1/2/1957,firak@kigvihri.tz,N,red
Daniel,Nunez,60,Female,8/25/1989,ojetaci@zip.fo,N,blue
Lawrence,Yates,63,Male,12/20/1957,dasbefit@giwewola.kr,Y,blue
Jacob,Lyons,65,Male,5/6/1993,vejif@ca.tc,N,red
Jean,Lamb,58,Female,11/7/1988,fipo@ekuedodoz.tp,N,red
Linnie,Gross,20,Female,2/26/1980,efala@dozimbej.ga,N,red
Eugenia,Blair,22,Female,8/12/1981,fatnurve@re.dm,Y,blue
Sue,Hoffman,49,Female,8/17/1976,biznok@ra.ke,Y,pink
John,Bennett,40,Female,8/31/1972,uleteh@udbe.nc,Y,blue
Katie,Holt,34,Male,2/4/1957,oticav@buluk.eu,Y,pink
Hattie,Frazier,32,Female,7/6/1987,unfagu@ojotum.hn,Y,blue
Angel,Alvarez,39,Female,3/24/1973,vujadi@at.co.uk,Y,pink
Celia,Edwards,50,Male,8/28/2003,eza@ruano.ru,Y,blue
Mitchell,Warren,28,Male,6/3/1986,numnilif@ilibu.nf,Y,red
Susan,Mills,57,Female,9/11/1990,ace@ahiascus.me,Y,red
Mason,Day,36,Male,12/2/1969,wek@vinnolho.as,Y,red
Ralph,Henry,31,Female,4/22/1977,dezukak@wuk.tz,Y,green
Glen,Mason,30,Male,1/27/1979,dera@baocohab.gov,N,red
Brett,Austin,46,Male,9/7/1992,wasdauku@ipmer.tr,Y,blue
May,Rose,28,Female,3/23/1997,bedtu@jomew.tf,N,green
Pauline,Jones,24,Female,3/30/1961,ce@tilfef.ai,N,red
Aiden,Houston,65,Female,12/3/1968,kijbeebo@pe.gb,N,green
Alejandro,Cox,46,Male,10/5/1999,rallut@ufza.er,N,pink
Adele,Lindsey,56,Female,12/16/1993,hehutbi@depam.pw,Y,blue
Chris,Sullivan,62,Male,6/2/1965,kiuguto@bohtabaj.dz,N,red
Marion,Rice,20,Female,7/4/1964,zebjig@li.no,Y,red
Keith,Cruz,55,Male,10/6/1963,cohi@ig.sr,Y,green
Elsie,Erickson,63,Male,3/4/2001,lahoza@zihsamse.am,Y,pink
Olive,Andrews,37,Female,3/18/1973,icruhe@unedo.li,Y,red
Lucy,Bradley,61,Male,7/24/1989,ube@gahe.sx,Y,pink
Eunice,Schneider,32,Male,5/20/1984,gofnawbek@omean.nr,Y,pink
Carrie,Santiago,43,Female,2/12/1997,od@sa.so,Y,pink
Paul,Jenkins,55,Male,8/12/1962,rohteraju@faes.sm,N,blue
Clyde,Chandler,43,Female,5/3/1974,kak@tugvodla.vi,N,blue
Phoebe,Fowler,33,Male,9/13/1996,hesuhkow@tuvopev.cn,N,blue
Harry,Harrington,36,Female,12/3/1968,jejzaril@navuk.gl,N,green
Estelle,Fletcher,24,Male,5/20/1995,okvivfu@uwuliv.tj,Y,red
Estella,Wells,48,Male,7/30/1978,fuw@kijufmut.kn,Y,pink
Arthur,Brady,49,Female,4/4/1977,zazviic@bejaaki.aq,Y,blue
Lewis,Hoffman,62,Male,12/22/1970,peg@sibkime.zw,N,blue
Herman,Payne,42,Male,3/5/1999,evunecus@vornobus.ws,N,red
Blake,Carlson,18,Female,7/4/1974,juncoevo@zefugzug.qa,Y,pink
Millie,Armstrong,60,Female,3/23/1996,opgegac@jorinwop.jp,Y,pink
Adam,Bailey,55,Female,2/20/1964,omewel@pi.at,Y,blue
Jeffrey,White,25,Male,3/5/1974,owocur@ohu.io,N,blue
Helen,Malone,41,Female,7/22/1995,do@riog.vc,N,pink
Joshua,Hawkins,27,Male,8/20/1995,jibitda@inme.ch,N,green
Samuel,Weaver,64,Female,2/24/1992,itdinmol@sasi.nz,N,pink
Rodney,Morales,46,Male,9/5/2004,gedewaf@bewwan.sk,Y,pink
Katie,Haynes,45,Male,7/23/1975,ira@mudaliser.cl,Y,pink
Susie,Butler,19,Female,2/7/1989,rezik@muzepvu.cn,Y,red
Bernard,Owens,25,Male,2/15/1988,juluto@kokles.gov,Y,pink
Jay,Lynch,39,Female,7/20/2004,eku@vejaro.iq,N,red
Inez,Walker,47,Female,4/27/1985,aviin@zuhi.es,N,blue
Helen,Williamson,60,Female,10/27/1973,su@cil.nz,N,pink
Susie,Sutton,21,Female,6/14/1986,imfubaje@vucusek.lu,Y,blue
Mabelle,Knight,20,Male,1/3/1975,ufotsu@kul.sg,Y,blue
Lena,Ford,41,Female,4/30/1987,iwogied@bafunoz.dz,Y,pink
Harriett,Franklin,34,Male,10/28/1973,pip@ako.si,Y,green
Richard,McBride,31,Male,1/29/1961,ihani@legfiz.rs,Y,green
Leonard,Fletcher,42,Female,3/28/1962,mi@peisewul.sd,N,pink
Gerald,Hammond,42,Male,9/7/2000,ekdukwow@zaeju.sv,N,blue
Edwin,Baldwin,29,Female,9/9/1986,itamenun@uwfew.sc,N,blue
Arthur,Hale,47,Female,7/11/1962,apu@wo.gt,N,red
Clifford,Schmidt,30,Male,4/29/1992,gi@jutzabgo.co.uk,N,red
Minnie,Ellis,61,Female,10/10/1992,rigizcoh@cirnole.ua,N,green
Bill,Montgomery,55,Female,12/20/2002,gol@dijluwde.cz,N,red
Miguel,Hoffman,51,Female,5/11/1957,efo@cofkuvo.td,N,green
Duane,Schmidt,45,Male,1/29/1983,be@si.bn,Y,green
Sue,Gordon,52,Male,12/2/1993,zu@elolih.np,N,red
Christian,Mitchell,20,Female,10/24/1975,ocabcoz@cu.id,Y,green
Nell,Flores,18,Male,7/15/1979,mazgo@taztaziz.gf,Y,red
Mabel,Chapman,27,Female,5/26/1976,vaher@des.ye,Y,red
Christian,Garza,48,Male,8/30/1974,sad@vi.gq,N,red
Noah,Murray,18,Female,12/22/1968,vuaka@jaeru.aw,N,pink
Carrie,Allison,46,Female,10/28/1980,disro@soh.no,Y,blue
Nellie,Wong,23,Female,10/8/1995,ko@ni.cr,Y,pink
Pearl,Campbell,19,Male,12/10/1997,zot@sovuf.sb,Y,green
Mable,Roberson,34,Male,5/18/1984,kocje@an.am,Y,green
Bess,Logan,34,Male,4/19/1980,vahak@daf.il,Y,red
Elmer,Campbell,49,Female,4/20/1965,daczat@emoza.ph,Y,green
Ricardo,Allen,58,Male,11/11/1957,ruhuli@eh.ma,N,pink
Rena,Cole,61,Male,3/10/1978,lecoro@osumevje.mv,N,blue
Hunter,Barrett,40,Female,5/13/1984,pec@kijuwuhef.gd,Y,red
Catherine,Mitchell,65,Male,5/12/1981,inhupa@minukcef.rw,N,green
Kate,Nichols,55,Female,1/27/1996,obu@nuzi.pr,Y,green
Beulah,Barker,37,Male,5/9/1973,poazebe@lutvium.ss,Y,red
Thomas,Cannon,33,Female,4/22/1968,ug@javda.co,N,blue
Leonard,Walsh,40,Female,10/25/1998,femimu@vukekosu.nf,N,blue
Chester,Fuller,61,Male,9/15/1979,ziukdi@sa.za,N,green
Catherine,Craig,44,Female,6/18/1985,ve@cubafja.nz,N,pink
Maud,Maldonado,22,Male,9/11/1965,defbebuvi@manem.pm,N,red
Stephen,Newman,22,Female,8/13/1983,pogutu@asaavuta.cw,N,blue
Edward,Stone,25,Female,11/27/1993,osesa@vazoid.lb,N,blue
Mamie,Little,41,Male,9/25/1993,loc@bitaew.sv,Y,red
Lena,Moore,42,Male,12/14/2004,uvpimiho@vovuwbiz.aw,Y,green
Clayton,Steele,20,Male,2/14/1981,sopeju@jas.ci,N,red
Bruce,Fisher,26,Female,12/13/1959,vig@de.mk,N,pink
Phillip,Ross,53,Female,10/28/1962,igopoeru@iho.tj,N,green
Derrick,Carson,44,Female,9/28/1965,vuuvvam@esijuj.in,N,green
Eddie,Glover,26,Female,8/7/2003,luf@duwfuja.si,Y,red
Clarence,Matthews,33,Female,7/31/1966,jiv@pi.no,Y,blue
Rose,Griffith,36,Female,3/4/1996,akloace@oj.tr,Y,pink
Eugenia,Ball,60,Male,11/15/1982,numu@bakdu.zw,Y,blue
Kenneth,Zimmerman,47,Male,4/7/1982,emohicut@bobimoho.me,N,green
Sadie,Hubbard,21,Male,3/15/1988,vuj@zozanwup.eu,N,blue
Nancy,Copeland,29,Female,3/7/1998,co@unupoira.sk,N,pink
Corey,Marsh,47,Male,7/10/1991,kozecu@vedosan.re,Y,red
Devin,Hunt,40,Male,6/8/1971,webagow@zimiumo.om,N,green
Sadie,Jefferson,19,Female,7/18/1973,for@luuphij.tf,N,red
Mary,Adkins,46,Male,7/12/1973,gapaaci@iponu.tp,Y,blue
Ivan,Walters,44,Male,1/21/1986,no@igivuih.jo,Y,green
Ellen,Gill,48,Female,7/13/1965,mizja@zolfuw.be,Y,pink
Ollie,Schwartz,43,Male,9/20/1997,cawvalena@tooma.kz,Y,red
Marguerite,Gordon,25,Female,8/7/1982,alarocep@wuc.th,N,blue
Milton,Jensen,33,Male,5/22/1996,sucif@warolti.py,N,pink
Albert,Walters,28,Male,4/24/1995,jedna@kafhit.sx,Y,pink
Kevin,Pierce,37,Female,4/26/2004,niwi@cas.hu,Y,blue
Josie,Curtis,60,Female,4/25/1976,ki@ige.cz,N,red
Helena,Freeman,55,Male,12/6/1977,ponuzin@wodi.as,N,green
Nellie,Lloyd,18,Male,8/4/1975,isefotto@ho.pr,Y,pink
Caroline,Rose,56,Male,6/25/1996,uhuwe@ce.th,Y,pink
Grace,Aguilar,62,Female,2/10/1981,toijaw@eko.lt,N,red
Dylan,Bradley,27,Female,10/9/1981,nopapak@be.lu,Y,red
Maude,Ross,22,Male,3/16/1990,jumtucvek@wovvuka.cg,Y,pink
Teresa,Todd,54,Female,10/15/1967,cowutzas@waazahu.au,N,red
Edward,Quinn,53,Female,9/15/1958,wah@gelsesto.bi,Y,red
Carolyn,King,60,Male,9/25/1965,wa@voh.pt,N,green
Winnie,Owens,19,Female,2/22/1983,go@jarlinna.hr,Y,green
Janie,Alvarado,22,Male,1/13/2001,hatuzge@bo.pa,N,red
Sean,Glover,57,Male,9/8/2002,foz@de.iq,N,blue
Charlie,Hines,42,Male,9/21/1975,lahod@temtewo.er,N,pink
Luella,Paul,35,Female,8/30/1994,hu@seras.mq,Y,red
Lucinda,Vaughn,60,Male,3/9/1978,ne@ar.mg,N,red
Elizabeth,Bowen,47,Female,5/21/1994,lik@umgumga.sv,N,green
Troy,Schultz,41,Female,3/26/1957,co@esere.bo,Y,green
Frank,Murray,25,Male,5/25/1962,mos@icweh.kz,N,pink
Johanna,Mason,57,Female,3/5/1998,juob@sigabogo.pr,Y,blue
Pearl,Norris,28,Female,2/7/2000,pasfusu@zir.iq,N,green
Leonard,Montgomery,18,Female,3/2/1993,upsa@otnecofa.kz,N,pink
Lula,Hamilton,34,Male,8/25/1962,micjajez@cup.sb,N,blue
Margaret,Jennings,23,Male,2/26/2000,gugekfu@gan.pk,N,red
Della,Carroll,37,Female,12/18/1975,bokigjab@ba.il,Y,pink
Francisco,McBride,64,Male,4/14/2001,cuj@sirgek.ax,Y,blue
Kathryn,Bell,44,Male,9/26/1987,ameonita@riruho.bh,N,blue
Phoebe,Woods,31,Male,5/12/1971,sopummi@budvakco.sz,Y,red
Sophie,Tran,37,Male,2/14/1965,ufjo@em.kg,Y,red
Isabelle,Sandoval,65,Male,4/3/2002,ak@foro.kw,Y,pink
Abbie,Daniels,19,Male,5/27/1984,kogmaluke@kar.bi,Y,blue
Vera,Robinson,43,Female,7/30/1976,rutu@domin.ag,N,blue
Jeff,Lewis,55,Male,12/6/1978,ki@sodmiwdet.mu,N,blue
Pauline,Jefferson,51,Female,10/10/1968,puc@laj.li,N,pink
Bryan,Bishop,29,Male,11/7/1996,zubke@ka.pk,Y,pink
Jack,Schwartz,59,Female,2/18/1977,wu@fig.sy,N,pink
Andre,Harrison,24,Female,6/26/1975,bi@idozefne.eu,N,pink
Garrett,Atkins,46,Male,9/25/1963,jer@is.mw,N,red
Eugene,Brooks,50,Male,6/16/1980,vafnadzas@ok.va,N,pink
Nettie,Chapman,37,Male,11/21/1969,nor@fahe.bm,Y,red
Hulda,Cunningham,53,Male,1/17/1967,ijdomud@tujukaca.ls,Y,green
Abbie,French,37,Female,10/6/1962,cejebu@ju.ml,Y,pink
Gene,Pierce,36,Male,7/21/1958,kek@warikip.sv,Y,pink
Marian,Frank,21,Female,6/23/1997,titto@tonfi.my,N,green
Cody,Love,23,Female,5/17/1995,fumawu@ejtida.gy,Y,green
Janie,Daniels,25,Female,11/22/1992,zob@osu.lc,Y,red
Bessie,Schwartz,49,Male,2/6/1977,olni@fozeun.gov,N,green
Patrick,Wagner,45,Male,2/2/1978,gajoloti@hilpifzu.nz,Y,blue
Chester,Patrick,35,Male,11/7/2004,cubajguw@erehuv.mx,N,pink
Micheal,Hunter,50,Female,11/23/1979,jezti@gif.gw,Y,green
Christian,Stokes,45,Male,11/1/1964,picaimu@ku.tf,N,green
Daisy,Hunter,25,Female,1/8/1988,jaratu@olazolig.ml,Y,red
Francisco,Walton,53,Male,12/20/1980,bucop@dopagol.np,N,red
Katharine,Norman,41,Male,8/13/1978,nuoswem@kozag.cc,Y,blue
Russell,Moreno,27,Male,12/25/2004,ucvi@hopi.us,Y,blue
Florence,Owens,61,Male,11/10/2002,nikvo@uwbi.mx,Y,red
Henrietta,Morton,42,Male,3/30/1979,pugigcer@bovegi.ml,Y,blue
Genevieve,Kelley,36,Female,8/31/1957,puv@woj.gov,N,blue
Mattie,Walton,33,Female,6/19/1980,vowvapho@umo.br,N,green
Louisa,Atkins,40,Male,6/26/1957,dib@dotletuk.tf,N,pink
Alice,Drake,53,Female,7/25/2002,peha@eczo.tr,Y,pink
Calvin,Kim,19,Female,12/12/1998,siapgi@tadudpok.tt,N,blue
Martin,Luna,32,Male,12/18/2000,oskivwa@juz.ee,N,blue
Essie,Lewis,48,Male,1/20/1981,wigagmap@kikpi.uz,Y,pink
Sophia,Matthews,32,Male,1/15/2000,wil@andilehi.uz,Y,blue
Alex,Thomas,47,Female,3/27/1979,zecuuki@ewasoti.af,N,blue
Violet,Wood,40,Male,12/15/1994,bunsiz@wegewget.ar,Y,red
Ruby,Townsend,26,Male,11/29/1958,fodkuhra@olkel.mg,N,blue
Lester,Burton,23,Male,4/2/1965,fumij@lo.fr,N,red
Adeline,Daniel,24,Male,4/6/2004,liw@ewibus.pw,Y,blue
Bryan,Price,40,Male,5/5/1996,jowasipa@lilsidug.tz,N,blue
Marian,Taylor,45,Male,9/12/1970,dutli@fuzcaw.li,N,green
Elsie,Pena,47,Male,1/4/1958,tofuztif@jizwa.mz,Y,pink
Eugene,Roberson,38,Male,2/23/1973,reuz@alagepa.nz,N,pink
Barry,Soto,48,Male,7/28/1984,teku@hogafa.mk,Y,blue
Marcus,Gutierrez,46,Female,10/1/1985,iwcehiz@detdidep.cv,N,red
Mary,Ortiz,37,Male,11/18/1965,merof@cozjuew.ai,N,blue
Harriet,Lambert,35,Female,5/30/2002,zaetral@wofidu.ug,Y,red
Leon,Williams,65,Female,4/7/1995,variivu@cifrajsek.bb,Y,blue
Willie,Gray,40,Female,2/14/1981,dej@ne.ec,N,green
Joseph,Greene,42,Female,2/26/1964,biwtab@mamwel.lv,N,red
Jorge,Thornton,52,Female,4/20/1972,udunoken@limhumpuc.dm,Y,blue
Ricardo,Payne,18,Female,9/30/1978,ena@davwaval.sh,Y,pink
Nathaniel,Chambers,56,Male,8/18/1979,puole@mo.fj,Y,red
Cole,Beck,26,Male,4/10/1979,pesalfa@fa.st,N,red
Ada,McGuire,43,Male,7/9/1963,daufiwu@wog.hm,N,red
Christine,Chapman,40,Male,4/14/1987,ziwreben@op.wf,N,green
Eric,McKenzie,53,Male,2/9/1962,diszuna@ifoaf.cd,Y,blue
Daisy,Hale,44,Male,6/4/1958,hesu@hadiezi.lk,N,pink
Louisa,Nash,54,Male,7/14/1982,teskowa@omru.cn,Y,red
Lottie,Ramsey,39,Male,12/1/1976,ucopodgoh@jivorun.id,Y,red
Victoria,Rios,44,Male,11/14/2002,fugwaca@ibaaja.et,Y,red
Dennis,Berry,33,Male,10/21/1993,fe@kigiuzi.ag,Y,green
Josephine,Floyd,47,Female,8/26/1960,vorzo@lu.sm,Y,blue
Chris,Jenkins,42,Male,5/5/1983,zetammu@fe.nc,Y,green
Wayne,Roy,29,Male,7/16/1963,fif@ruceb.sc,Y,green
Eliza,Blair,20,Male,10/9/1957,jepoz@hidpe.mu,N,red
Gertrude,Chavez,33,Female,10/9/1991,rewaku@cevojoise.sr,Y,green
Isaiah,Harvey,56,Male,7/30/1977,kuhfud@tomhal.ie,N,pink
Darrell,Diaz,18,Male,9/23/1970,rikiva@muburfo.to,N,red
Gertrude,Tyler,49,Male,5/11/2003,orwep@inirele.pw,N,blue
Ethan,Reeves,26,Female,6/2/1980,id@no.ax,N,blue
Alejandro,Houston,23,Female,4/25/2000,kihkoc@fetula.hk,N,red
Brandon,Rowe,63,Male,10/21/2002,fowek@tefaswa.gh,N,pink
Charles,Manning,20,Female,4/29/1980,hasun@ceb.za,N,pink
Rose,Todd,24,Female,6/3/2004,oddikum@apcar.ie,Y,pink
Earl,Quinn,54,Female,6/24/2001,iz@onulloc.tm,N,pink
Stella,Holmes,26,Female,3/12/1994,ha@cekaw.ls,Y,green
Rena,Alexander,27,Female,9/12/1982,lejukauha@hoce.my,N,red
Linnie,Casey,33,Female,7/24/1988,imjeor@mim.sh,Y,red
Barbara,Holloway,57,Male,5/14/1971,tilav@ruvavacam.pk,Y,green
Blanche,Hunter,40,Male,9/8/1971,toptu@miclogwi.net,N,pink
Ada,Carr,45,Male,10/3/1957,vogiga@duge.so,N,green
Jeremiah,Dawson,39,Female,10/22/1986,luvi@oc.ci,N,green
Lola,Hernandez,56,Female,1/26/1966,puvameb@tiuji.ae,N,blue
Chad,Freeman,48,Female,4/6/1995,tijdebe@vettaut.mu,Y,pink
Herman,Ross,49,Male,4/1/1971,jar@avo.gs,Y,blue
Brian,Olson,29,Male,1/10/1988,lig@sedopikef.ge,Y,blue
Mittie,Jenkins,53,Female,10/15/1969,fe@juawunez.lk,Y,red
Eleanor,Vargas,44,Female,7/19/1999,dulmarav@morobkib.gr,Y,red
Jesus,Hodges,51,Female,11/29/1980,iponu@tu.ag,N,green
Olga,Peters,55,Female,2/6/1963,lacojfi@wurcifaz.nf,N,pink
Leah,Richards,60,Female,11/12/1998,jadhab@wawfip.gp,N,blue
Polly,Peters,58,Male,1/21/2001,ezohehga@zudejpam.by,N,green
Russell,Vega,53,Female,12/19/1989,opekovu@sujum.bm,Y,blue
Angel,Collins,53,Male,2/2/2000,mejefu@mo.vc,N,blue
Randy,Ross,39,Male,1/15/1976,peb@zolhuhibe.nz,N,pink
Mark,Roberts,62,Female,6/21/1966,uwareb@sedpidwoz.ki,N,pink
Roy,Diaz,31,Male,9/13/1968,tosmu@utbupdi.dj,Y,red
Vincent,Nunez,32,Female,9/19/1988,olo@ifaatu.dj,Y,pink
Isabelle,Saunders,33,Male,10/13/1980,wuadasit@sa.bv,Y,green
Lewis,Moran,37,Male,10/15/2004,pijecajom@rer.uk,Y,pink
Ollie,Cruz,49,Male,1/24/2004,diit@mojru.mn,Y,pink
Evelyn,Santos,49,Female,9/4/2002,zijabi@efgi.az,Y,pink
Louisa,Ortega,47,Male,4/26/1989,igofefu@pihiwoh.kp,N,green
Bettie,Hart,45,Male,11/8/1959,cek@himmedo.uk,Y,red
Walter,Welch,26,Female,8/27/1977,we@zapfic.jp,Y,pink
Scott,Caldwell,46,Male,12/3/1992,jirwep@lite.gov,N,green
Lena,Roberts,46,Male,8/5/1998,son@ol.an,Y,blue
Jeffrey,Wheeler,52,Male,3/1/1973,rog@dofor.md,N,green
Lulu,Murphy,60,Male,8/25/1959,lufhob@uw.th,N,green
Harold,Allison,44,Female,8/17/1992,tughebab@sa.je,N,pink
Ruby,Gomez,50,Female,12/26/1983,luno@zi.mg,Y,pink
Henrietta,Zimmerman,36,Male,6/20/1979,ase@ursoho.ss,N,pink
Janie,Harris,33,Female,6/21/1992,bo@so.bz,N,blue
Maud,Dawson,41,Female,4/26/1960,rak@fiarpi.ch,N,red
Sophia,Palmer,64,Male,8/2/2004,poviz@ti.ie,Y,blue
Ollie,Drake,61,Female,10/30/1990,keb@kehpeg.al,N,red
Mitchell,Henderson,24,Female,4/21/1958,fiw@re.om,N,blue
Louis,Welch,25,Female,8/26/2002,bamziner@vo.id,N,pink
Chester,Collins,54,Male,7/7/1972,ma@kekhiwmom.az,Y,blue
Louis,Haynes,51,Male,7/7/1993,jawwono@oduja.gy,N,green
Jerry,Harper,55,Male,2/23/1993,mew@jivube.bh,Y,blue
Myrtle,Ryan,20,Female,2/3/1959,baf@zujilhip.sm,Y,blue
Alta,Figueroa,43,Male,11/6/1982,jarfivev@jididug.ge,Y,blue
Myrtie,Romero,28,Male,1/16/1996,zenoklu@nuhagtel.mx,Y,green
Barry,Carlson,23,Female,7/18/1962,paralgoz@josfevto.co,N,red
Derrick,Curtis,41,Male,3/2/1984,uk@si.cg,N,blue
Matilda,McCoy,62,Male,5/18/1987,zetbew@zadolog.eu,N,pink
Kevin,McBride,27,Male,3/27/1964,setojo@bokevda.ir,Y,pink
Dora,Patton,45,Female,7/20/1968,je@fivri.tk,N,green
Hilda,Sutton,28,Female,11/30/1982,ak@obahijug.cx,N,blue
George,Richards,46,Male,11/28/1985,vewi@guponwep.ga,Y,pink
Eugene,Fletcher,47,Female,11/22/1987,la@noh.gb,Y,blue
Emilie,Roberts,48,Male,9/30/1957,hidheoso@diahubaf.br,N,blue
Clyde,Steele,53,Female,11/8/1983,durfi@nuc.an,Y,blue
Hunter,Castillo,62,Female,5/7/2003,ne@tiw.cx,Y,blue
Edward,Vaughn,51,Female,7/8/1983,maiva@lew.nc,Y,pink
Ora,Thompson,60,Male,1/1/1997,gidpiwwo@or.pn,Y,red
Daniel,Burke,55,Male,11/25/1967,kocase@ojmu.au,Y,blue
Charles,Rhodes,54,Female,11/12/1995,rulvaztop@paujpep.no,N,red
Alma,Frank,61,Male,3/21/2004,cud@jo.ki,Y,green
Joshua,Waters,50,Female,12/7/1971,vumsazlo@capuzok.tj,Y,red
Eleanor,Hamilton,43,Male,1/5/1992,ene@venjiviv.kr,Y,blue
Ellen,Guzman,47,Female,11/22/1973,lus@dereffud.tk,N,green
Katharine,Aguilar,38,Female,7/31/1985,kihdacudo@tukcored.ni,Y,red
Rachel,Snyder,23,Female,1/12/1983,fisih@ce.eu,Y,green
Bertie,Hoffman,21,Female,2/13/1993,haw@newoir.pw,N,pink
Kenneth,Riley,38,Male,6/29/1980,po@tavnekdu.br,N,green
Stanley,Glover,18,Male,1/4/1999,aljev@hajedtu.nr,N,blue
Jerome,Dixon,63,Male,4/5/1980,wenusuz@aneowawiw.aq,N,green
Edna,Beck,41,Male,5/23/1980,bizdiwke@sollouli.gq,N,blue
Bettie,Nguyen,22,Male,11/13/1970,omo@zulbifvot.mh,N,green
Sadie,Baldwin,47,Male,2/14/1965,sij@cippejes.at,Y,red
Tillie,Fleming,38,Female,10/9/1995,kotu@be.fk,Y,red
Grace,Elliott,62,Female,6/5/2001,turdaw@ibo.mz,Y,pink
Stephen,Scott,50,Female,9/4/1972,doguro@za.fj,N,pink
Ricardo,Yates,65,Male,7/6/1985,zadgo@sumgivo.ga,N,pink
Glen,Conner,54,Female,3/21/1968,canha@voma.kn,Y,blue
Lloyd,Byrd,47,Female,9/25/1989,hum@asrabpa.cl,N,green
Bess,Blair,59,Female,2/12/1977,vo@fo.az,Y,red
Harold,Black,42,Female,2/16/1976,te@niapefic.je,Y,blue
May,Kelley,53,Female,4/25/1959,ereufe@ku.nu,Y,red
Alexander,Pratt,57,Female,6/20/1969,deckubmo@gupakaj.edu,Y,pink
Luella,Hill,38,Male,3/23/1959,gohokeku@lano.mu,N,blue
Charles,Murray,26,Male,8/17/1985,fijburfuv@ava.tp,Y,green
Chase,Boone,34,Male,8/19/1963,hecejoc@ijelenna.uy,Y,pink
Stanley,Brock,38,Male,1/15/1973,taohena@uhaja.la,N,blue
Mike,Duncan,19,Male,11/30/1981,dicocado@dim.kw,Y,red
Eleanor,McGuire,39,Female,4/26/1967,ci@vudrega.tk,Y,pink
Ann,Burke,36,Female,2/22/2000,ro@ahatebda.do,N,red
Iva,Ramos,36,Male,5/14/1986,icziik@hucu.bs,Y,blue
Vernon,Flores,64,Male,10/21/1996,josi@vimen.be,Y,blue
Joel,Collier,58,Female,6/30/1989,sewiv@lohpe.gp,Y,blue
Lucille,Woods,33,Female,3/5/1998,pozbavban@wiban.ni,N,red
Paul,Simmons,28,Female,5/26/1979,pedupa@bi.vi,N,pink
Jonathan,Perkins,55,Female,11/25/1962,uzave@nibpaw.bh,Y,pink
Brent,Rivera,19,Male,6/4/1990,gajosido@fosar.jm,N,green
Joshua,Gibson,44,Male,9/2/1995,gicig@foakuve.mv,N,pink
Theresa,McCoy,34,Female,5/17/1965,eg@ida.dk,Y,blue
Violet,Bush,52,Male,3/15/1976,zulvo@jos.aw,Y,red
Rosie,Kelley,18,Female,3/20/1974,jaono@haka.ch,N,red
Minerva,Blake,43,Female,4/2/1969,bucimo@fo.gp,N,blue
Ivan,Lamb,18,Male,6/6/1976,mogeoj@va.cf,Y,red
Cecilia,Flores,53,Male,7/6/1986,pe@ra.sr,Y,red
Lottie,Fernandez,26,Female,5/23/1964,dewmu@lov.sn,Y,blue
Lizzie,Wells,31,Male,6/13/1993,osvu@akda.tj,Y,pink
Lilly,Nunez,56,Male,9/12/1975,am@huwaz.dm,Y,pink
Lydia,Perez,25,Male,3/9/1973,icruzov@con.gh,N,pink
Mathilda,Fleming,22,Female,5/28/1986,wikto@be.nl,N,red
Henry,Farmer,64,Male,2/16/1993,ziaskej@eke.ua,Y,red
Ernest,Rodriguez,41,Male,2/27/2004,ecokjan@fijgawte.ni,Y,green
Virginia,Parsons,64,Female,1/9/1974,ku@omu.cz,N,blue
Martha,Lowe,52,Female,2/19/2002,uzposiw@musenok.nr,Y,red
Frederick,Chavez,21,Male,9/15/1967,pitzil@dezeg.gu,N,pink
Christopher,May,58,Male,3/8/1985,eseze@sigfi.gg,N,pink
Daisy,Hopkins,23,Female,10/21/1972,fad@owecu.kz,Y,green
Beatrice,Pittman,37,Male,11/20/1963,bo@nalot.gg,N,green
Bessie,Chapman,19,Male,1/9/1960,vodmuuf@dinhed.hk,N,blue
Virginia,Delgado,50,Male,3/19/1958,he@cu.bq,N,pink
Aaron,Blair,43,Female,3/22/1960,babug@ce.mq,N,red
Winifred,Williamson,33,Male,4/4/1974,ubeote@weripoj.sj,Y,blue
Alex,Weaver,38,Female,12/22/1995,pujfag@votec.gn,N,pink
Derrick,Fitzgerald,26,Female,6/17/1988,ig@vekuv.ph,N,red
Derek,Duncan,34,Male,4/14/1986,icudha@utiri.si,Y,pink
Myra,Young,35,Male,5/15/1965,papiopi@gew.cf,Y,green
Thomas,Carr,41,Female,6/13/1957,ladil@sirovjog.bi,N,green
Hester,Davis,29,Female,3/8/1994,em@mov.ax,Y,pink
Patrick,Bass,48,Male,4/3/1991,seti@iwavoaze.gy,N,blue
Fred,Garrett,28,Female,11/6/1966,zohfeeso@ka.as,N,red
Barbara,Jimenez,51,Female,2/18/1966,vaw@zogogmuz.gi,N,pink
Delia,Strickland,54,Male,1/31/1963,bendis@pam.vi,N,blue
Dale,Dawson,26,Male,9/25/1958,hoiju@to.cw,N,green
Floyd,Crawford,33,Male,1/11/1975,gaitija@efugu.iq,N,green
Herbert,Owen,47,Female,4/11/1997,ti@rita.ga,N,pink
Steve,Collier,57,Male,7/26/1993,lithojco@ohe.gu,Y,pink
Helen,Wells,28,Male,12/4/1958,upho@or.vn,Y,green
Caleb,Summers,45,Male,3/1/2004,cusuv@moggaw.pw,Y,pink
Violet,Rose,26,Male,4/26/2001,ipanifu@ro.ba,N,green
Chase,Marsh,42,Female,6/25/1968,awnessu@nowtolo.mn,N,blue
Ryan,Soto,37,Male,5/25/2004,punagcem@cuhop.ma,Y,green
Corey,Black,56,Male,12/11/1990,nuwlu@cibhu.cy,N,green
Ann,Collier,24,Female,9/13/1987,deznit@zudil.gh,N,green
Belle,Newton,47,Female,12/12/1998,ifhu@keptil.uy,N,green
Nelle,Wright,18,Female,7/30/1982,jutdozpob@siru.mg,Y,red
Clayton,Hall,34,Male,12/13/1990,ligekmu@vufzag.ma,N,pink
Lettie,Myers,25,Female,10/26/1963,tuw@ze.sx,N,pink
Manuel,McGuire,56,Male,7/6/1974,rofvajno@vepnu.kn,N,green
Maud,Jennings,30,Male,6/8/1996,pabalfol@fagfuah.dk,Y,pink
Lulu,Cook,47,Female,6/3/1963,meud@usa.gs,N,red
Alan,Palmer,29,Male,5/22/1965,pufug@ac.bd,N,pink
Bradley,Leonard,18,Female,4/5/1982,ru@ko.bi,N,red
Brett,Moody,60,Female,1/7/1998,as@igwescaj.sg,Y,blue
Ola,Wells,30,Male,7/8/1996,toelavik@gihot.md,N,green
Donald,Craig,42,Male,5/16/1994,ittef@ca.no,Y,green
Ida,Lloyd,23,Male,12/30/1980,sehakpo@pagtepco.ki,N,green
Nina,Bowen,26,Female,11/8/1991,hofdufwa@lolzek.gs,Y,green
Hallie,Ramsey,28,Female,11/29/1992,hihulhu@ehi.nl,N,pink
Joshua,Jensen,45,Female,12/10/1977,wulizlu@amfovtan.kg,Y,blue
Loretta,Nunez,31,Male,1/1/1982,cesib@jezhejror.tp,N,blue
Louisa,Robertson,59,Male,2/5/1964,afkurno@fopceb.py,N,green
Edgar,McDonald,18,Female,6/27/1978,kectekob@kez.bh,N,blue
Chase,Burton,47,Male,5/8/1977,gep@ke.st,N,green
Clara,Byrd,56,Female,7/6/2004,wo@wih.tj,Y,green
Jean,Thompson,35,Female,10/28/1978,mofow@poad.sy,N,red
Josephine,Nunez,40,Male,3/12/2001,ipkecle@apwun.mt,N,green
Gordon,McDaniel,49,Male,12/1/2002,eni@kamhizoko.bb,Y,blue
Theresa,Barnett,23,Male,4/24/1976,toc@lefajhom.bv,N,green
Ethel,Zimmerman,51,Male,6/12/1997,cijid@id.nz,N,blue
Dora,Padilla,30,Male,8/1/1973,bav@teprub.lu,N,red
Ruth,Dunn,21,Female,5/3/1973,muaf@nifar.yt,N,pink
Ivan,Payne,46,Female,8/15/1985,pothedne@uhe.iq,N,green
Gregory,Ball,45,Male,12/18/1979,sof@rumiru.th,N,red
Lela,Beck,23,Female,9/13/1968,wi@negejuaho.az,Y,green
Susie,Black,44,Male,9/9/1974,le@irulokaj.do,Y,blue
Cornelia,Gonzalez,44,Female,4/17/2004,tojha@powmoh.om,N,blue
Stephen,Sullivan,38,Male,8/12/1978,po@jivbat.ge,N,pink
Jay,Bryan,62,Male,2/1/1961,sumfopaj@bug.ba,N,green
Mable,Jennings,60,Female,5/16/1961,co@bitjegun.pf,Y,green
Adele,Hughes,19,Female,12/24/1974,wucfo@buripcu.pe,Y,blue
Mabelle,Barber,39,Male,5/8/1961,la@ukrezhuh.vg,N,green
Darrell,Pierce,31,Male,7/10/1963,kak@lopzawo.tf,N,red
Alberta,Watkins,24,Female,2/14/1961,inasub@lukog.com,Y,red
Paul,Caldwell,54,Male,2/2/2002,ko@lewbu.an,Y,blue
Brent,Singleton,48,Male,6/12/1978,wuvzi@num.kn,N,pink
Ora,Moss,60,Female,10/31/1962,cafafuw@pothovfip.gt,N,green
Estelle,Joseph,34,Female,3/1/1991,fehaz@bav.gh,Y,pink
Ronnie,Griffin,29,Male,4/11/1971,cezik@ubvaade.tj,Y,red
Jacob,Strickland,39,Male,7/17/1990,zelseaw@vehhol.eg,Y,pink
Luis,Gomez,32,Male,4/8/1967,im@bamohu.bb,Y,pink
Noah,Perry,52,Male,8/28/1961,zidakel@va.sk,Y,blue
Alta,Guzman,59,Male,9/5/2001,adu@fikalhe.ck,Y,pink
Jerry,Bass,42,Female,4/14/1969,pi@dizac.ba,Y,red
Dennis,Lamb,46,Female,6/29/1977,gornak@le.lv,N,red
Jeremiah,Figueroa,45,Male,3/6/1997,cojsaov@zejeh.je,N,green
Eunice,Fleming,31,Female,6/29/2001,wuzu@piorelud.cf,Y,pink
Mae,Newton,19,Female,5/9/1962,otevaozi@nazo.id,Y,blue
Garrett,Hoffman,40,Male,9/19/1973,gilor@wuoruzu.bd,Y,pink
Edna,Anderson,55,Female,11/18/2002,rag@irecugop.ch,Y,red
James,Kelley,45,Female,10/11/1970,lousewi@edi.lk,N,blue
Elizabeth,Carroll,48,Female,5/30/1970,po@dediz.cd,N,red
Della,Berry,57,Male,10/31/1974,wedag@uhoek.fo,Y,green
Elsie,Foster,58,Male,10/19/1981,sam@lotduf.cl,N,pink
Mittie,Knight,63,Male,5/29/1997,fusmo@locgod.mo,N,pink
Leila,Goodman,49,Female,10/15/1992,he@donepal.bt,Y,blue
Evan,Gardner,28,Female,10/24/1981,wecbap@desivsu.gm,Y,pink
Bradley,Becker,61,Male,12/5/1986,seiselov@pa.fm,N,green
Sallie,Washington,34,Male,6/5/1982,fuuz@loisaoka.gy,Y,red
Leon,Harrison,31,Female,5/30/1975,epuupi@wiefif.my,Y,pink
Marian,Hudson,27,Female,5/9/1988,ev@fahjo.fi,Y,blue
Marcus,Scott,25,Male,12/11/2001,pu@dir.dz,Y,blue
Mamie,Barrett,21,Male,8/11/1986,sinel@tow.mk,Y,blue
Gary,McDaniel,47,Male,11/6/2002,diwge@si.li,Y,pink
Delia,Shelton,38,Female,9/25/1976,igobucada@pa.ru,N,red
Martin,Delgado,62,Female,5/7/1964,eca@mec.tn,Y,blue
Tillie,Hernandez,37,Female,8/13/1995,ic@obga.cd,N,green
Cecelia,Vargas,32,Male,4/22/2004,ziduke@mijjat.vn,N,pink
Samuel,King,51,Male,7/14/1999,mocog@wawlo.mv,Y,blue
Jayden,Simon,39,Female,6/18/1958,volbuh@hawgej.mw,Y,blue
Bernard,Gardner,27,Female,3/10/1985,dajipi@wajeli.dm,Y,red
Wesley,Rodriguez,57,Female,2/22/2002,laubo@hi.jo,N,green
Vernon,Robbins,23,Male,5/23/1969,zowiv@pu.ee,Y,red
Jerome,Kim,38,Female,7/22/1985,gikawpuj@tir.sc,N,blue
Louisa,Duncan,29,Male,2/21/1992,ke@mu.gf,Y,green
Lina,Bell,42,Female,6/5/1999,bije@suz.gov,Y,green
Florence,Powers,54,Male,5/13/1981,hat@isalacnep.co.uk,Y,pink
Corey,Richards,64,Female,4/8/1994,itlu@nifoje.cg,N,blue
Eunice,Floyd,19,Female,4/10/1961,nubopowo@ce.it,N,blue
Juan,West,29,Female,3/19/1998,maho@puce.mg,N,blue
Timothy,Watson,32,Female,12/30/1985,mitik@ak.at,Y,blue
Susan,Walsh,62,Female,5/20/1964,wuruga@ticirkes.su,Y,green
Cynthia,Hunter,28,Male,11/20/1978,of@ra.jp,N,green
Cory,Frazier,64,Male,8/3/2002,jinim@imum.ru,Y,pink
Lois,Glover,65,Female,3/18/1996,pizajufa@don.kr,Y,pink
Florence,Garrett,44,Male,5/5/1975,cuihe@din.ru,N,red
Catherine,Ramirez,51,Male,1/7/1965,usionwid@deosazi.ee,N,blue
Essie,Evans,58,Male,2/10/1957,ge@hedfuvwop.pl,N,green
Loretta,Alvarado,40,Female,6/14/1960,fukig@cepemmo.id,N,red
Mathilda,Pearson,37,Female,8/10/1987,pira@kotwiwoj.nc,N,green
Victor,Barber,46,Female,4/29/1967,kekekces@helnu.pm,N,green
Gerald,Todd,56,Female,4/10/1990,dubjuhag@ge.cx,N,red
Blanche,James,50,Male,1/4/1990,solbembu@fuwfe.ec,N,blue
Garrett,Sparks,38,Male,3/9/1971,ne@epnahoc.ke,N,pink
Grace,Washington,26,Female,11/10/1970,pufwosbo@elunu.hm,N,blue
Minnie,Powell,62,Male,6/16/1971,umo@aluuzfu.sd,N,pink
Melvin,Santiago,39,Female,3/21/1957,je@gepwi.mo,N,pink
Beatrice,Vasquez,32,Male,1/31/1988,gakij@wo.ps,N,red
Lewis,Malone,41,Male,10/12/1973,vuzval@nuciweram.gg,N,blue
Wayne,Carroll,27,Female,8/6/1996,julo@lam.mt,Y,blue
Nathan,Brock,24,Male,11/9/1982,copceb@pewume.ug,Y,green
Brandon,Jacobs,53,Male,5/15/1981,vivru@iwe.mn,Y,blue
Clarence,Duncan,41,Female,6/19/1982,guac@lerbi.hn,N,green
Abbie,Lyons,41,Male,9/7/1989,mal@tikguwke.ne,Y,red
Hallie,Carr,26,Female,9/17/1972,va@sedzus.lk,Y,pink
Beatrice,Vargas,51,Male,2/5/1977,emeaki@cormob.kw,Y,blue
Howard,Joseph,51,Female,10/3/1970,citcup@kawem.qa,N,green
Augusta,Berry,62,Male,3/13/1973,ukta@ifsag.hr,Y,red
Curtis,Moody,61,Male,7/16/1977,uv@kahcucik.gs,N,blue
Duane,Richardson,25,Male,3/21/1985,ba@laep.je,N,blue
Leila,Goodwin,61,Male,5/1/1978,saota@ce.cd,Y,red
Emilie,Buchanan,36,Female,3/1/1987,muda@docogavu.nf,Y,pink
Bryan,Martinez,33,Male,4/13/1981,luk@gerekzod.sd,Y,blue
Clyde,Riley,43,Male,11/8/1968,ja@ga.kp,Y,blue
Hallie,Snyder,33,Male,7/27/1965,mejpuuro@vapi.kw,Y,blue
Eugene,Wallace,19,Male,1/8/1968,mil@tizoohe.so,Y,green
Elijah,Holland,49,Male,10/5/1989,nis@jos.gh,Y,green
Garrett,Castro,63,Female,1/7/1973,hodsiro@pod.ga,Y,blue
Jose,Boone,64,Female,6/16/1969,cahrec@capucot.vg,N,green
Mike,Sharp,65,Male,4/7/1974,kuh@uh.gd,Y,red
Bobby,Wolfe,33,Male,5/21/1957,dedi@pu.ax,N,blue
Ida,Robertson,61,Female,3/8/1962,lun@mujfaw.mk,Y,pink
Raymond,Jimenez,61,Female,5/13/1992,gap@wuppufja.kg,N,pink
Todd,Coleman,50,Male,11/4/1970,togutpa@hez.an,Y,pink
Cole,Ortega,32,Female,8/17/1984,bim@pem.ci,N,blue
Dollie,Abbott,50,Male,6/26/1991,romah@ihfizke.tz,Y,pink
Dylan,Boyd,64,Female,8/30/1972,zomo@uve.md,N,green
Marvin,Love,61,Female,7/29/1965,te@mamcocpu.np,Y,green
Landon,Stephens,29,Male,2/10/2003,vuse@eho.lk,N,blue
Stanley,Cross,23,Female,12/22/1996,jow@bomoj.mw,N,red
Lawrence,Sullivan,20,Male,1/6/1981,biviod@wam.lv,Y,red
Cory,Walton,44,Female,3/4/1963,ke@nedir.hm,Y,blue
Alex,McGee,35,Male,7/16/1979,av@fel.fi,N,pink
Gavin,Allen,61,Female,9/10/1959,nokjeb@gi.md,Y,pink
Stanley,Gray,57,Female,4/3/1974,cojativ@mor.io,N,red
Callie,Phelps,35,Male,10/14/1962,surcom@cic.fk,Y,blue
Bradley,Vasquez,19,Female,2/17/1995,ni@nuswo.lu,Y,red
Michael,Hoffman,37,Male,4/17/2000,lofwe@wur.cd,N,red
Harriet,Buchanan,25,Male,8/16/1986,jiwuljih@vulobmeg.lk,N,pink
Sean,Willis,64,Male,10/7/2000,lo@deditioc.lb,Y,red
Susan,Taylor,56,Male,7/27/1967,av@icitacu.ss,Y,pink
Linnie,Vaughn,61,Male,6/12/2000,gidomu@nez.at,Y,blue
Mayme,Mann,42,Female,2/12/1959,hodwu@hocow.pl,N,red
Daniel,Bass,41,Male,2/13/1990,kut@gez.ec,N,green
Owen,Roy,48,Male,6/18/1993,rapnoko@hebdaduj.io,N,green
Beatrice,Little,58,Male,5/5/1976,zalogza@roem.bv,N,red
Fannie,Malone,23,Male,8/22/1983,marda@kip.se,Y,pink
Jesus,Greer,47,Female,7/18/1966,dow@goibadih.bf,Y,red
Edgar,Farmer,30,Male,6/10/1971,iboadaken@tac.ls,N,blue
Robert,Reese,32,Male,11/16/1967,ja@gidilmu.tz,Y,blue
Cora,Thompson,31,Female,6/10/1986,hed@zu.dk,N,red
Eva,Mills,27,Male,1/11/1975,habon@oz.ms,Y,blue
Lina,Lawrence,57,Female,11/29/1964,jokdodoc@ifihohnud.sb,Y,red
Roy,Stevens,55,Female,8/18/1968,gubro@ohuduk.bw,Y,green
Rosalie,Davidson,50,Female,11/25/1961,zi@ehewesu.ls,N,blue
Mary,Lawson,60,Female,2/5/2003,elfu@fogonfu.mw,Y,pink
Martha,Barber,60,Female,4/4/1959,pavi@picsajsog.sj,N,pink
Eleanor,Nichols,63,Female,9/21/1964,mupu@imwi.gu,Y,green
Emma,Reese,22,Female,6/26/2004,zeda@nam.aw,Y,red
Ellen,Swanson,26,Female,3/15/1960,di@virdis.nz,N,red
Kate,Burton,60,Male,12/27/1960,encu@hapec.vi,Y,pink
Craig,Sims,49,Male,5/4/1957,vac@pin.sj,N,red
Clara,Simmons,34,Female,4/23/1978,asasebih@alwaz.gb,Y,green
Lucile,Singleton,26,Female,4/12/1983,valji@walus.ad,N,blue
Sarah,Park,42,Male,8/26/2003,dov@mavlifav.ng,N,green
Eunice,Dawson,29,Female,10/16/1960,siaboloh@roz.hm,Y,blue
Juan,Rose,32,Male,12/6/1984,of@lomedad.is,N,blue
Mark,Perry,64,Male,3/10/1974,zifubi@kubuk.tg,Y,red
Douglas,Conner,34,Female,12/16/1965,pehod@gapo.ml,Y,red
Wayne,Kim,45,Female,3/3/1980,gakoci@zorileloj.hr,Y,red
Edward,McLaughlin,58,Male,10/24/1999,hek@ola.bo,N,pink
Callie,Gregory,18,Male,1/23/1970,fesvo@imiiva.tv,Y,green
Phoebe,Washington,62,Female,10/15/1977,asac@wu.kg,N,red
Mamie,Romero,24,Male,3/22/2004,ru@cicemo.bq,N,red
Thomas,Rowe,51,Male,12/10/1958,voma@vew.eh,Y,red
Loretta,Zimmerman,39,Female,2/13/1962,volsasile@ke.mx,N,blue
Ella,Lopez,23,Male,9/29/2002,totocko@wuri.je,Y,pink
Lucy,Hardy,60,Male,4/14/1987,he@cugupzad.ye,N,pink
Mamie,Maxwell,30,Male,3/11/1982,zaruktu@pusud.mg,Y,red
Kevin,Stevenson,54,Male,12/6/1970,mas@er.sz,N,green
Chad,Francis,65,Female,8/24/1998,vad@ildabwo.lc,N,red
Maud,Bishop,51,Male,6/28/1988,fe@von.pw,N,red
Jared,Rios,36,Male,5/30/1971,giota@sahage.eg,N,green
Irene,Kim,37,Male,12/19/1967,owo@kueta.zm,N,red
Samuel,Gonzales,26,Female,10/21/1966,gifi@zoh.so,N,pink
Rose,Olson,20,Male,12/8/1989,cupmis@vajni.bw,Y,red
Cecelia,Rhodes,54,Female,11/3/1977,co@huv.fi,Y,green
Bertie,Ramirez,46,Male,11/27/1990,tanhesu@juvuhe.vu,Y,pink
Luke,Sanders,56,Male,7/4/1957,iwtazwus@vazu.km,Y,red
Bernard,Parker,54,Female,6/19/1966,ce@lofdifor.org,Y,blue
Dustin,Hines,63,Female,1/2/1960,rer@efeagmuh.tg,N,blue
Harry,Mills,48,Female,6/30/1987,umnidec@cumgev.me,N,pink
Danny,Vega,58,Male,6/20/1977,oldit@suf.fj,N,green
Benjamin,Cain,18,Female,2/3/1959,arse@hutdutoh.ie,N,pink
Amelia,Thompson,22,Female,2/3/1997,susow@ri.bo,N,blue
Brent,Nelson,22,Female,1/5/1974,batoz@holuif.wf,Y,pink
Rena,Wilkins,34,Male,4/3/1994,ganutod@ci.tc,N,green
Anthony,Simmons,61,Male,10/6/1986,vumdag@kawzer.su,Y,red
Victor,Mason,35,Female,2/17/1983,miha@gigwi.me,Y,pink
Lola,Beck,45,Female,9/11/1983,dug@mufir.ht,N,blue
Fannie,Weaver,22,Male,3/28/1957,kamwegwel@kefforot.gm,N,red
James,Anderson,36,Male,10/11/1972,fe@vu.rw,N,blue
Eugenia,Parsons,40,Female,4/1/1988,kaidoles@milu.mr,N,blue
Mae,Allen,23,Male,9/1/1969,ci@idusesu.sj,N,pink
Josie,Walsh,60,Female,12/30/1989,notfadub@iboawzid.pg,Y,pink
Adam,Scott,61,Male,4/8/1959,ti@kobjo.cl,N,red
Carolyn,Warren,27,Female,5/17/1979,emholtop@molur.cf,N,green
Joe,Peters,50,Male,8/24/1995,lo@fojla.do,N,green
Ida,Harris,18,Female,11/13/1993,limiso@fo.li,Y,green
Lee,Scott,32,Male,12/30/1966,huwsojweh@rib.li,N,pink
Nellie,Curry,24,Male,7/30/1974,conisozi@ekewal.io,Y,blue
Carl,Harrison,25,Male,7/24/2000,nuum@ekturi.nl,N,pink
Curtis,Guzman,38,Male,8/16/1979,ruaguzez@ibnuh.dk,N,red
Essie,Diaz,63,Female,12/6/1964,va@ative.ee,Y,blue
Lottie,Strickland,58,Female,12/25/1965,tub@upo.at,N,green
Elnora,Watts,22,Female,1/20/1968,ibre@buvzejsik.gq,Y,pink
Harriet,Jefferson,27,Female,9/30/1980,ihe@izgicov.gl,Y,pink
Eliza,Kelly,61,Male,2/16/1998,hodhedtav@gu.us,Y,red
Noah,Aguilar,27,Male,7/28/1981,puwep@fim.ch,Y,blue
Bess,Atkins,22,Male,3/26/1993,jan@du.ph,N,red
Stephen,Keller,21,Male,9/30/1990,lag@gittu.co.uk,N,blue
Katie,Strickland,54,Female,9/25/1994,loamihu@ojeiru.gh,N,pink
Abbie,Lyons,47,Female,3/27/1992,monlekuti@nozni.in,Y,pink
Jason,Zimmerman,61,Female,5/6/1975,leconvan@hainsa.hr,Y,pink
Carl,Pena,27,Female,2/4/1987,godewec@acvil.at,N,red
Sara,Miller,25,Male,6/1/1978,baw@unecuzeg.mw,N,red
Lina,Mack,27,Female,9/18/1991,bukijzip@pocu.pk,N,green
Erik,Nichols,44,Female,1/26/1980,ri@suwcipal.th,N,red
Ruby,Pierce,53,Male,11/9/1982,dowra@sifozve.lr,Y,red
Isaiah,Lamb,55,Female,11/23/1983,wakahzol@van.md,Y,blue
Gavin,Bishop,32,Female,1/10/1986,aja@zi.vi,Y,green
Mabelle,Montgomery,29,Male,10/30/1967,hod@duvev.vu,N,pink
Essie,Nash,43,Male,7/30/1967,in@afke.kg,N,blue
Emilie,Cooper,42,Male,3/4/1975,ici@kitbafbuz.hm,N,green
Matthew,Griffin,20,Female,11/28/1977,ij@cororor.vu,Y,blue
Beatrice,Sparks,52,Female,2/20/1959,nisube@teen.lr,Y,red
Victor,Wright,34,Female,7/5/1998,zas@pek.cx,N,pink
Jerry,Vega,23,Male,9/29/1959,etve@zi.li,N,pink
Belle,Obrien,59,Male,11/25/1971,ritpag@hafkurow.dk,N,blue
Jordan,Riley,63,Male,10/8/1982,sazip@tur.nz,N,pink
Craig,Lloyd,37,Female,9/4/1980,ali@rajgen.hu,N,pink
Olive,Fox,20,Male,8/9/1960,licogooj@na.mn,N,blue
Dustin,Burns,18,Female,10/9/1958,pavdumjeg@tadisa.sj,Y,blue
Alex,Glover,39,Female,3/1/1979,nuzef@zasjehjos.do,Y,green
Bernard,Walsh,37,Male,1/24/1973,lawimev@ugocafju.sa,N,pink
Willie,Hogan,47,Male,6/8/2004,fe@an.lc,Y,pink
Johnny,Clark,65,Female,9/8/1983,za@seaj.fm,Y,pink
Carlos,Chambers,37,Male,12/8/1972,pilofjo@debso.co,Y,green
Alvin,Cunningham,39,Male,6/24/1978,suabica@pup.sd,N,green
Bertie,Flowers,47,Female,1/20/1990,zos@zajuh.om,Y,pink
Bertie,Curry,50,Female,5/18/1965,owi@mawa.kg,Y,red
Willie,Berry,33,Male,1/7/1966,covmed@zeb.cw,Y,green
Chase,Kim,36,Male,2/2/1970,ra@ewaalida.ga,N,blue
Ruby,Fox,64,Female,8/6/1990,mecef@mo.hk,Y,green
Chris,Fowler,23,Female,2/3/1987,ner@ideg.ci,Y,pink
Bryan,Bailey,58,Male,11/11/1984,bomilac@cadnaca.cy,N,blue
